{
  "/login.php, user- 3-1" : {
    "transaction" : "/login.php, user- 3-1",
    "sampleCount" : 1,
    "errorCount" : 0,
    "errorPct" : 0.0,
    "meanResTime" : 291.0,
    "medianResTime" : 291.0,
    "minResTime" : 291.0,
    "maxResTime" : 291.0,
    "pct1ResTime" : 291.0,
    "pct2ResTime" : 291.0,
    "pct3ResTime" : 291.0,
    "throughput" : 3.4364261168384878,
    "receivedKBytesPerSec" : 16.440480025773198,
    "sentKBytesPerSec" : 3.1109052835051547
  },
  "/login.php, user- 2-1" : {
    "transaction" : "/login.php, user- 2-1",
    "sampleCount" : 1,
    "errorCount" : 0,
    "errorPct" : 0.0,
    "meanResTime" : 418.0,
    "medianResTime" : 418.0,
    "minResTime" : 418.0,
    "maxResTime" : 418.0,
    "pct1ResTime" : 418.0,
    "pct2ResTime" : 418.0,
    "pct3ResTime" : 418.0,
    "throughput" : 2.3923444976076556,
    "receivedKBytesPerSec" : 11.445405950956939,
    "sentKBytesPerSec" : 2.1657259270334928
  },
  "/login.php, user- 3-0" : {
    "transaction" : "/login.php, user- 3-0",
    "sampleCount" : 1,
    "errorCount" : 0,
    "errorPct" : 0.0,
    "meanResTime" : 314.0,
    "medianResTime" : 314.0,
    "minResTime" : 314.0,
    "maxResTime" : 314.0,
    "pct1ResTime" : 314.0,
    "pct2ResTime" : 314.0,
    "pct3ResTime" : 314.0,
    "throughput" : 3.1847133757961785,
    "receivedKBytesPerSec" : 33.01963077229299,
    "sentKBytesPerSec" : 3.433519108280255
  },
  "/index.php" : {
    "transaction" : "/index.php",
    "sampleCount" : 3,
    "errorCount" : 0,
    "errorPct" : 0.0,
    "meanResTime" : 1249.3333333333333,
    "medianResTime" : 854.0,
    "minResTime" : 842.0,
    "maxResTime" : 2052.0,
    "pct1ResTime" : 2052.0,
    "pct2ResTime" : 2052.0,
    "pct3ResTime" : 2052.0,
    "throughput" : 0.7318858258111735,
    "receivedKBytesPerSec" : 2.6316441510124418,
    "sentKBytesPerSec" : 0.5574911563796048
  },
  "/logout.php" : {
    "transaction" : "/logout.php",
    "sampleCount" : 3,
    "errorCount" : 0,
    "errorPct" : 0.0,
    "meanResTime" : 610.3333333333334,
    "medianResTime" : 607.0,
    "minResTime" : 606.0,
    "maxResTime" : 618.0,
    "pct1ResTime" : 618.0,
    "pct2ResTime" : 618.0,
    "pct3ResTime" : 618.0,
    "throughput" : 1.3966480446927374,
    "receivedKBytesPerSec" : 4.674588279795158,
    "sentKBytesPerSec" : 2.2600056738826813
  },
  "/login.php" : {
    "transaction" : "/login.php",
    "sampleCount" : 3,
    "errorCount" : 0,
    "errorPct" : 0.0,
    "meanResTime" : 326.0,
    "medianResTime" : 307.0,
    "minResTime" : 300.0,
    "maxResTime" : 371.0,
    "pct1ResTime" : 371.0,
    "pct2ResTime" : 371.0,
    "pct3ResTime" : 371.0,
    "throughput" : 1.293103448275862,
    "receivedKBytesPerSec" : 3.713042160560345,
    "sentKBytesPerSec" : 1.0430697737068966
  },
  "/dashboard.php" : {
    "transaction" : "/dashboard.php",
    "sampleCount" : 3,
    "errorCount" : 0,
    "errorPct" : 0.0,
    "meanResTime" : 297.0,
    "medianResTime" : 294.0,
    "minResTime" : 291.0,
    "maxResTime" : 306.0,
    "pct1ResTime" : 306.0,
    "pct2ResTime" : 306.0,
    "pct3ResTime" : 306.0,
    "throughput" : 1.6375545851528384,
    "receivedKBytesPerSec" : 7.834355383460698,
    "sentKBytesPerSec" : 1.3273147516375545
  },
  "Total" : {
    "transaction" : "Total",
    "sampleCount" : 30,
    "errorCount" : 0,
    "errorPct" : 0.0,
    "meanResTime" : 496.2,
    "medianResTime" : 315.0,
    "minResTime" : 289.0,
    "maxResTime" : 2052.0,
    "pct1ResTime" : 852.8000000000001,
    "pct2ResTime" : 1487.1499999999992,
    "pct3ResTime" : 2052.0,
    "throughput" : 4.803843074459567,
    "receivedKBytesPerSec" : 24.421412129703764,
    "sentKBytesPerSec" : 4.992431445156125
  },
  "/login.php, user- 2" : {
    "transaction" : "/login.php, user- 2",
    "sampleCount" : 1,
    "errorCount" : 0,
    "errorPct" : 0.0,
    "meanResTime" : 717.0,
    "medianResTime" : 717.0,
    "minResTime" : 717.0,
    "maxResTime" : 717.0,
    "pct1ResTime" : 717.0,
    "pct2ResTime" : 717.0,
    "pct3ResTime" : 717.0,
    "throughput" : 1.3947001394700138,
    "receivedKBytesPerSec" : 21.131613929567642,
    "sentKBytesPerSec" : 2.7635220536959553
  },
  "/login.php, user- 3" : {
    "transaction" : "/login.php, user- 3",
    "sampleCount" : 1,
    "errorCount" : 0,
    "errorPct" : 0.0,
    "meanResTime" : 606.0,
    "medianResTime" : 606.0,
    "minResTime" : 606.0,
    "maxResTime" : 606.0,
    "pct1ResTime" : 606.0,
    "pct2ResTime" : 606.0,
    "pct3ResTime" : 606.0,
    "throughput" : 1.6501650165016502,
    "receivedKBytesPerSec" : 25.003867574257427,
    "sentKBytesPerSec" : 3.2729347153465347
  },
  "/login.php, user- 1" : {
    "transaction" : "/login.php, user- 1",
    "sampleCount" : 1,
    "errorCount" : 0,
    "errorPct" : 0.0,
    "meanResTime" : 1025.0,
    "medianResTime" : 1025.0,
    "minResTime" : 1025.0,
    "maxResTime" : 1025.0,
    "pct1ResTime" : 1025.0,
    "pct2ResTime" : 1025.0,
    "pct3ResTime" : 1025.0,
    "throughput" : 0.975609756097561,
    "receivedKBytesPerSec" : 14.782774390243905,
    "sentKBytesPerSec" : 1.9340701219512197
  },
  "/senerio.php" : {
    "transaction" : "/senerio.php",
    "sampleCount" : 3,
    "errorCount" : 0,
    "errorPct" : 0.0,
    "meanResTime" : 304.6666666666667,
    "medianResTime" : 302.0,
    "minResTime" : 296.0,
    "maxResTime" : 316.0,
    "pct1ResTime" : 316.0,
    "pct2ResTime" : 316.0,
    "pct3ResTime" : 316.0,
    "throughput" : 1.6339869281045751,
    "receivedKBytesPerSec" : 4.228579452614379,
    "sentKBytesPerSec" : 1.3276143790849673
  },
  "/login.php, user- 1-1" : {
    "transaction" : "/login.php, user- 1-1",
    "sampleCount" : 1,
    "errorCount" : 0,
    "errorPct" : 0.0,
    "meanResTime" : 419.0,
    "medianResTime" : 419.0,
    "minResTime" : 419.0,
    "maxResTime" : 419.0,
    "pct1ResTime" : 419.0,
    "pct2ResTime" : 419.0,
    "pct3ResTime" : 419.0,
    "throughput" : 2.3866348448687353,
    "receivedKBytesPerSec" : 11.418089946300716,
    "sentKBytesPerSec" : 2.160557130071599
  },
  "/login.php, user- 2-0" : {
    "transaction" : "/login.php, user- 2-0",
    "sampleCount" : 1,
    "errorCount" : 0,
    "errorPct" : 0.0,
    "meanResTime" : 299.0,
    "medianResTime" : 299.0,
    "minResTime" : 299.0,
    "maxResTime" : 299.0,
    "pct1ResTime" : 299.0,
    "pct2ResTime" : 299.0,
    "pct3ResTime" : 299.0,
    "throughput" : 3.3444816053511706,
    "receivedKBytesPerSec" : 34.67286789297659,
    "sentKBytesPerSec" : 3.5992370401337794
  },
  "/logout.php-0" : {
    "transaction" : "/logout.php-0",
    "sampleCount" : 3,
    "errorCount" : 0,
    "errorPct" : 0.0,
    "meanResTime" : 309.0,
    "medianResTime" : 306.0,
    "minResTime" : 305.0,
    "maxResTime" : 316.0,
    "pct1ResTime" : 316.0,
    "pct2ResTime" : 316.0,
    "pct3ResTime" : 316.0,
    "throughput" : 1.6339869281045751,
    "receivedKBytesPerSec" : 0.7755055147058824,
    "sentKBytesPerSec" : 1.3228273080065358
  },
  "/login.php, user- 1-0" : {
    "transaction" : "/login.php, user- 1-0",
    "sampleCount" : 1,
    "errorCount" : 0,
    "errorPct" : 0.0,
    "meanResTime" : 605.0,
    "medianResTime" : 605.0,
    "minResTime" : 605.0,
    "maxResTime" : 605.0,
    "pct1ResTime" : 605.0,
    "pct2ResTime" : 605.0,
    "pct3ResTime" : 605.0,
    "throughput" : 1.6528925619834711,
    "receivedKBytesPerSec" : 17.13746126033058,
    "sentKBytesPerSec" : 1.7804106404958677
  },
  "/logout.php-1" : {
    "transaction" : "/logout.php-1",
    "sampleCount" : 3,
    "errorCount" : 0,
    "errorPct" : 0.0,
    "meanResTime" : 301.0,
    "medianResTime" : 302.0,
    "minResTime" : 289.0,
    "maxResTime" : 312.0,
    "pct1ResTime" : 312.0,
    "pct2ResTime" : 312.0,
    "pct3ResTime" : 312.0,
    "throughput" : 1.638448935008192,
    "receivedKBytesPerSec" : 4.706273894046969,
    "sentKBytesPerSec" : 1.3248395685417804
  }
}